"","TO","TTO","CW","SD","SR","CR"
"PWR_01",8.37843570173965,7.03372169112411,30.7839226285986,0.117467746950251,0.0515417107747099,2.82021947303056
"PWR_03",15.3952937058275,14.2988922555324,10.2968655505284,0.0643746534259557,0.0539861938485133,1.62225296437151
"PWR_05",17.9112332056667,17.4034563426912,10.0712620413984,0.0502852568228465,0.0610844865659586,1.49174147035896
"PWR_07",17.7675147644609,18.8775974323924,5.95945561949317,0.0491877655877286,0.0537524776343322,1.17222218083066
"PWR_09",23.3521960291852,25.963914436331,2.10805583025816,0.0666436706204878,0.038924715872293,1.01068241324377
